<?xml version="1.0" encoding="UTF-8" standalone="yes"?>
<addon id="repository.titan.bingie.mod" name="Titan BINGIE MOD Repository" provider-name="AchillesPunks, Matke" version="2.0.0">
	<extension name="titan bingie mod repository" point="xbmc.addon.repository">
		<dir>	
			<info compressed="false">https://raw.githubusercontent.com/AchillesPunks/repository.titan.bingie.mod/matrix/addons.xml</info>
			<checksum>https://raw.githubusercontent.com/AchillesPunks/repository.titan.bingie.mod/matrix/addons.xml.md5</checksum>
			<datadir zip="true">https://raw.githubusercontent.com/AchillesPunks/repository.titan.bingie.mod/matrix/</datadir>
		</dir>
	</extension>
	<extension point="xbmc.addon.metadata">
		<summary lang="en">Home of Titan BINGIE MOD</summary>
		<description lang="en">Titan BINGIE MOD repository</description>
		<platform>all</platform>
		<assets>
            <icon>icon.png</icon>
            <fanart>fanart.jpg</fanart>
        </assets>
	</extension>
</addon>
