<?xml version="1.0" encoding="UTF-8" standalone="yes"?>
<addon id="repository.ytmusic" name="Ytmusic's Repository" version="1.0" provider-name="Goldenfreddy0703">
    <extension point="xbmc.addon.repository" name="Ytmusic's Repository">
        <dir>
            <info compressed="false">https://raw.githubusercontent.com/Goldenfreddy0703/repository.ytmusic/master/repo/zips/addons.xml</info>
            <checksum>https://raw.githubusercontent.com/Goldenfreddy0703/repository.ytmusic/master/repo/zips/addons.xml.md5</checksum>
            <datadir zip="true">https://raw.githubusercontent.com/Goldenfreddy0703/repository.ytmusic/master/repo/zips/</datadir>
        </dir>
    </extension>
    <extension point="xbmc.addon.metadata">
        <summary>Ytmusic's Repository</summary>
        <description>A repository for Ytmusic</description>
        <disclaimer></disclaimer>
        <platform>all</platform>
        <assets>
            <icon>icon.png</icon>
            <fanart>fanart.png</fanart>
        </assets>
    </extension>
</addon>