<?xml version="1.0" encoding="UTF-8" standalone="yes"?>
<addon id="repository.maya" name="Maya" version="1.0" provider-name="homestreamer">
    <extension point="xbmc.addon.repository" name="maya repository">
        <dir>
            <info compressed="false">https://raw.githubusercontent.com/homestreamer/repository.maya/master/repo/zips/addons.xml</info>
            <checksum>https://raw.githubusercontent.com/homestreamer/repository.maya/master/repo/zips/addons.xml.md5</checksum>
            <datadir zip="true">https://raw.githubusercontent.com/homestreamer/repository.maya/master/repo/zips/</datadir>
        </dir>
    </extension>
    <extension point="xbmc.addon.metadata">
        <summary>Universal Illusion</summary>
        <description>Beware! All Encompassing!</description>
        <disclaimer></disclaimer>
        <platform>all</platform>
        <assets>
            <icon>icon.png</icon>
            <fanart>fanart.jpg</fanart>
        </assets>
    </extension>
</addon>


