<?xml version="1.0" encoding="UTF-8" standalone="yes"?>
<addon id="repository.gujal" name="Gujal Addons Repository" version="2.0.3" provider-name="gujal">
	<extension point="xbmc.addon.repository" name="Gujal Addons Repository">
		<dir>
	        <info compressed="false">https://raw.githubusercontent.com/Gujal00/smrzips/master/addons.xml</info>
	        <checksum>https://raw.githubusercontent.com/Gujal00/smrzips/master/addons.xml.md5</checksum>
	        <datadir zip="true">https://raw.githubusercontent.com/Gujal00/smrzips/master/zips/</datadir>
		</dir>
		<dir>
			<info compressed="false">https://raw.github.com/Gujal00/GujalKodiWork/master/addons.xml</info>
			<checksum>https://raw.github.com/Gujal00/GujalKodiWork/master/addons.xml.md5</checksum>
			<datadir zip="true">https://raw.github.com/Gujal00/GujalKodiWork/master/zips/</datadir>
		</dir>
        <dir>
            <info compressed="false">https://raw.githubusercontent.com/Goldenfreddy0703/repository.otaku/master/repo/zips/addons.xml</info>
            <checksum>https://raw.githubusercontent.com/Goldenfreddy0703/repository.otaku/master/repo/zips/addons.xml.md5</checksum>
            <datadir zip="true">https://raw.githubusercontent.com/Goldenfreddy0703/repository.otaku/master/repo/zips/</datadir>
        </dir>
	</extension>
	<extension point="xbmc.addon.metadata">
		<summary>Third party Addons for Kodi</summary>
		<description>Gujal Addons Repository</description>
		<platform>all</platform>
	    <assets>
      		<icon>icon.png</icon>
    	</assets> 
	</extension>
</addon>
