﻿<?xml version="1.0" encoding="UTF-8" standalone="yes"?>
<addon id="repository.zachmorris" name="Zach Morris Add-ons" version="1.0.4" provider-name="zachmorris">
    <extension point="xbmc.addon.repository" name="Zach Morris Add-ons">
        <dir minversion="18.0.0">
            <info compressed="false">https://github.com/zach-morris/repository.zachmorris/raw/master/addons.xml</info>
            <checksum>https://github.com/zach-morris/repository.zachmorris/raw/master/addons.xml.md5</checksum>
            <datadir zip="true">https://github.com/zach-morris/repository.zachmorris/raw/master/</datadir>
        </dir>
    </extension>
    <extension point="xbmc.addon.metadata">
        <summary lang="en_GB">Zach Morris Add-ons</summary>
        <description>Zach Morris Add-ons</description>
        <platform>all</platform>
        <assets>
            <icon>icon.png</icon>
            <fanart>fanart.jpg</fanart>
        </assets>
    </extension>
</addon>